[{"id":"00ce6690-a971-4451-b2ef-c7cae005b9e4","index":1,"title":"brass","rating":2,"image":"brass-2.png","isEdible":false,"price":608,"tags":["valuable","favorite"],"description":"Nullam porttitor lacus at turpis. Donec posuere metus vitae ipsum. Aliquam non mauris.\n\nMorbi non lectus. Aliquam sit amet diam in magna bibendum imperdiet. Nullam orci pede, venenatis non, sodales sed, tincidunt eu, felis."},
{"id":"7e9e6186-53cb-45e1-9a9f-e71d947f376c","index":2,"title":"pet","rating":4,"image":"pet-4.png","isEdible":false,"price":180,"tags":["compact","groceries"],"description":"In hac habitasse platea dictumst. Etiam faucibus cursus urna. Ut tellus.\n\nNulla ut erat id mauris vulputate elementum. Nullam varius. Nulla facilisi."},
{"id":"a81f0cc6-8444-4ea6-8f3a-d66d9bb59f5f","index":3,"title":"shoes","rating":5,"image":"shoes-5.png","isEdible":false,"price":316,"tags":["memory","valuable"],"description":"Nullam sit amet turpis elementum ligula vehicula consequat. Morbi a ipsum. Integer a nibh."},
{"id":"cbb2f1c0-7c66-49ee-ac15-e18969b4e0d8","index":4,"title":"brass","rating":4,"image":"brass-4.png","isEdible":false,"price":967,"tags":["memory","groceries"],"description":"Proin eu mi. Nulla ac enim. In tempor, turpis nec euismod scelerisque, quam turpis adipiscing lorem, vitae mattis nibh ligula nec sem.\n\nDuis aliquam convallis nunc. Proin at turpis a pede posuere nonummy. Integer non velit."},
{"id":"0fc21a1c-7f6c-49ea-a4ab-d8f865305d65","index":5,"title":"guitar","rating":3,"image":"guitar-3.png","isEdible":false,"price":1541,"tags":["memory","groceries"],"description":"Cras mi pede, malesuada in, imperdiet et, commodo vulputate, justo. In blandit ultrices enim. Lorem ipsum dolor sit amet, consectetuer adipiscing elit.\n\nProin interdum mauris non ligula pellentesque ultrices. Phasellus id sapien in sapien iaculis congue. Vivamus metus arcu, adipiscing molestie, hendrerit at, vulputate vitae, nisl."},
{"id":"2ac03d2c-1550-4456-b8b0-361fa7b0bbfb","index":6,"title":"brass","rating":5,"image":"brass-5.png","isEdible":false,"price":1077,"tags":["favorite","groceries"],"description":"Nullam sit amet turpis elementum ligula vehicula consequat. Morbi a ipsum. Integer a nibh.\n\nIn quis justo. Maecenas rhoncus aliquam lacus. Morbi quis tortor id nulla ultrices aliquet.\n\nMaecenas leo odio, condimentum id, luctus nec, molestie sed, justo. Pellentesque viverra pede ac diam. Cras pellentesque volutpat dui."},
{"id":"2507fd1d-3578-4db4-b410-432836f25144","index":7,"title":"brass","rating":4,"image":"brass-4.png","isEdible":false,"price":1567,"tags":["gift","groceries"],"description":"Duis bibendum. Morbi non quam nec dui luctus rutrum. Nulla tellus.\n\nIn sagittis dui vel nisl. Duis ac nibh. Fusce lacus purus, aliquet at, feugiat non, pretium quis, lectus.\n\nSuspendisse potenti. In eleifend quam a odio. In hac habitasse platea dictumst."},
{"id":"a0899649-e0e1-4030-9e26-f0aadc6488d0","index":8,"title":"vinyl-player","rating":1,"image":"vinyl-player-1.png","isEdible":false,"price":1294,"tags":["groceries","compact"],"description":"Nulla ut erat id mauris vulputate elementum. Nullam varius. Nulla facilisi."},
{"id":"a79268f5-cc75-4eb8-ae04-85dad3db76dc","index":9,"title":"shoes","rating":5,"image":"shoes-5.png","isEdible":false,"price":632,"tags":["compact","favorite"],"description":"Maecenas tristique, est et tempus semper, est quam pharetra magna, ac consequat metus sapien ut nunc. Vestibulum ante ipsum primis in faucibus orci luctus et ultrices posuere cubilia Curae; Mauris viverra diam vitae quam. Suspendisse potenti.\n\nNullam porttitor lacus at turpis. Donec posuere metus vitae ipsum. Aliquam non mauris.\n\nMorbi non lectus. Aliquam sit amet diam in magna bibendum imperdiet. Nullam orci pede, venenatis non, sodales sed, tincidunt eu, felis."},
{"id":"183275c6-7ac4-4dd0-b9e4-8f9aa374217d","index":10,"title":"music-player","rating":4,"image":"music-player-4.png","isEdible":false,"price":26,"tags":["groceries","valuable"],"description":"Nullam sit amet turpis elementum ligula vehicula consequat. Morbi a ipsum. Integer a nibh."},
{"id":"4274a58a-d782-490e-a8f8-94d0aee96828","index":11,"title":"brass","rating":4,"image":"brass-4.png","isEdible":false,"price":261,"tags":["memory","groceries"],"description":"Cras non velit nec nisi vulputate nonummy. Maecenas tincidunt lacus at velit. Vivamus vel nulla eget eros elementum pellentesque.\n\nQuisque porta volutpat erat. Quisque erat eros, viverra eget, congue eget, semper rutrum, nulla. Nunc purus."},
{"id":"cb9512a6-d64a-4a92-864c-540d2a694ca5","index":12,"title":"shoes","rating":2,"image":"shoes-2.png","isEdible":false,"price":671,"tags":["gift","favorite"],"description":"Vestibulum quam sapien, varius ut, blandit non, interdum in, ante. Vestibulum ante ipsum primis in faucibus orci luctus et ultrices posuere cubilia Curae; Duis faucibus accumsan odio. Curabitur convallis.\n\nDuis consequat dui nec nisi volutpat eleifend. Donec ut dolor. Morbi vel lectus in quam fringilla rhoncus.\n\nMauris enim leo, rhoncus sed, vestibulum sit amet, cursus id, turpis. Integer aliquet, massa id lobortis convallis, tortor risus dapibus augue, vel accumsan tellus nisi eu orci. Mauris lacinia sapien quis libero."},
{"id":"9b5616dc-0679-4f63-a0cc-9ac25bd24540","index":13,"title":"instrument","rating":1,"image":"instrument-1.png","isEdible":false,"price":586,"tags":["valuable","memory"],"description":"Pellentesque at nulla. Suspendisse potenti. Cras in purus eu magna vulputate luctus."},
{"id":"f7a4f4e7-4a6d-4eb1-8c47-66329505821e","index":14,"title":"pet","rating":4,"image":"pet-4.png","isEdible":false,"price":1066,"tags":["gift","valuable"],"description":"In hac habitasse platea dictumst. Etiam faucibus cursus urna. Ut tellus."},
{"id":"b2e500d6-8fd2-4b12-bd38-9abc00800ac9","index":15,"title":"soft-drink","rating":4,"image":"soft-drink-4.png","isEdible":true,"price":304,"tags":["valuable","groceries"],"description":"Curabitur in libero ut massa volutpat convallis. Morbi odio odio, elementum eu, interdum eu, tincidunt in, leo. Maecenas pulvinar lobortis est."},
{"id":"06ae284d-b480-47d1-b829-5be8b08badcb","index":16,"title":"instrument","rating":3,"image":"instrument-3.png","isEdible":false,"price":928,"tags":["gift","favorite"],"description":"Aenean fermentum. Donec ut mauris eget massa tempor convallis. Nulla neque libero, convallis eget, eleifend luctus, ultricies eu, nibh.\n\nQuisque id justo sit amet sapien dignissim vestibulum. Vestibulum ante ipsum primis in faucibus orci luctus et ultrices posuere cubilia Curae; Nulla dapibus dolor vel est. Donec odio justo, sollicitudin ut, suscipit a, feugiat et, eros."},
{"id":"f437ceaf-19ef-4ab8-be85-c2c02c558e0f","index":17,"title":"soft-drink","rating":4,"image":"soft-drink-4.png","isEdible":true,"price":1108,"tags":["compact","groceries"],"description":"Praesent id massa id nisl venenatis lacinia. Aenean sit amet justo. Morbi ut odio."},
{"id":"65a4b7a7-06ad-4892-8fde-2d19b119a687","index":18,"title":"soft-drink","rating":4,"image":"soft-drink-4.png","isEdible":true,"price":927,"tags":["memory","gift"],"description":"Maecenas ut massa quis augue luctus tincidunt. Nulla mollis molestie lorem. Quisque ut erat."},
{"id":"d634a579-5c83-423b-900b-70faedfdbd60","index":19,"title":"snack","rating":2,"image":"snack-2.png","isEdible":true,"price":408,"tags":["valuable","favorite"],"description":"Maecenas ut massa quis augue luctus tincidunt. Nulla mollis molestie lorem. Quisque ut erat."},
{"id":"68819065-2937-4f82-81d7-b44bc8da22b9","index":20,"title":"guitar","rating":1,"image":"guitar-1.png","isEdible":false,"price":276,"tags":["groceries","valuable"],"description":"Fusce consequat. Nulla nisl. Nunc nisl.\n\nDuis bibendum, felis sed interdum venenatis, turpis enim blandit mi, in porttitor pede justo eu massa. Donec dapibus. Duis at velit eu est congue elementum."},
{"id":"1d2b8c2f-1a2d-464f-95df-03cc35d3680e","index":21,"title":"snack","rating":3,"image":"snack-3.png","isEdible":true,"price":1201,"tags":["valuable","favorite"],"description":"Pellentesque at nulla. Suspendisse potenti. Cras in purus eu magna vulputate luctus."},
{"id":"b006c68a-2b94-4be5-9124-977aaa35d4c6","index":22,"title":"gramophone","rating":3,"image":"gramophone-3.png","isEdible":false,"price":1322,"tags":["favorite","valuable"],"description":"In congue. Etiam justo. Etiam pretium iaculis justo.\n\nIn hac habitasse platea dictumst. Etiam faucibus cursus urna. Ut tellus.\n\nNulla ut erat id mauris vulputate elementum. Nullam varius. Nulla facilisi."},
{"id":"f317736e-5580-49cb-a736-454cb59f69b1","index":23,"title":"phone","rating":4,"image":"phone-4.png","isEdible":false,"price":1328,"tags":["memory","compact"],"description":"Duis bibendum. Morbi non quam nec dui luctus rutrum. Nulla tellus.\n\nIn sagittis dui vel nisl. Duis ac nibh. Fusce lacus purus, aliquet at, feugiat non, pretium quis, lectus."},
{"id":"63dbb2dc-d06b-416b-98a9-425912b27942","index":24,"title":"guitar","rating":1,"image":"guitar-1.png","isEdible":false,"price":371,"tags":["gift","valuable"],"description":"Cum sociis natoque penatibus et magnis dis parturient montes, nascetur ridiculus mus. Vivamus vestibulum sagittis sapien. Cum sociis natoque penatibus et magnis dis parturient montes, nascetur ridiculus mus.\n\nEtiam vel augue. Vestibulum rutrum rutrum neque. Aenean auctor gravida sem."},
{"id":"71f1555a-128b-40ee-bdd7-ff07d0d031aa","index":25,"title":"pot","rating":2,"image":"pot-2.png","isEdible":false,"price":1460,"tags":["valuable","groceries"],"description":"Fusce posuere felis sed lacus. Morbi sem mauris, laoreet ut, rhoncus aliquet, pulvinar sed, nisl. Nunc rhoncus dui vel sem.\n\nSed sagittis. Nam congue, risus semper porta volutpat, quam pede lobortis ligula, sit amet eleifend pede libero quis orci. Nullam molestie nibh in lectus.\n\nPellentesque at nulla. Suspendisse potenti. Cras in purus eu magna vulputate luctus."},
{"id":"79d62b4d-0e8f-4633-a91c-45f5705bb59c","index":26,"title":"pot","rating":5,"image":"pot-5.png","isEdible":false,"price":76,"tags":["memory","gift"],"description":"Quisque id justo sit amet sapien dignissim vestibulum. Vestibulum ante ipsum primis in faucibus orci luctus et ultrices posuere cubilia Curae; Nulla dapibus dolor vel est. Donec odio justo, sollicitudin ut, suscipit a, feugiat et, eros.\n\nVestibulum ac est lacinia nisi venenatis tristique. Fusce congue, diam id ornare imperdiet, sapien urna pretium nisl, ut volutpat sapien arcu sed augue. Aliquam erat volutpat.\n\nIn congue. Etiam justo. Etiam pretium iaculis justo."},
{"id":"67e53ddf-7b92-48ef-9a8e-d774447400d3","index":27,"title":"brass","rating":4,"image":"brass-4.png","isEdible":false,"price":1530,"tags":["groceries","gift"],"description":"Nullam porttitor lacus at turpis. Donec posuere metus vitae ipsum. Aliquam non mauris.\n\nMorbi non lectus. Aliquam sit amet diam in magna bibendum imperdiet. Nullam orci pede, venenatis non, sodales sed, tincidunt eu, felis."},
{"id":"b36dbf2e-9e3c-45c5-93f8-6a024119acf7","index":28,"title":"pot","rating":2,"image":"pot-2.png","isEdible":false,"price":860,"tags":["favorite","gift"],"description":"Integer ac leo. Pellentesque ultrices mattis odio. Donec vitae nisi."},
{"id":"544f7f7c-3d8d-4601-af8e-3d52223fb43a","index":29,"title":"brass","rating":5,"image":"brass-5.png","isEdible":false,"price":1224,"tags":["favorite","groceries"],"description":"Morbi porttitor lorem id ligula. Suspendisse ornare consequat lectus. In est risus, auctor sed, tristique in, tempus sit amet, sem.\n\nFusce consequat. Nulla nisl. Nunc nisl.\n\nDuis bibendum, felis sed interdum venenatis, turpis enim blandit mi, in porttitor pede justo eu massa. Donec dapibus. Duis at velit eu est congue elementum."},
{"id":"66740b33-58a0-4840-8154-b56687d98618","index":30,"title":"guitar","rating":4,"image":"guitar-4.png","isEdible":false,"price":33,"tags":["compact","groceries"],"description":"Curabitur in libero ut massa volutpat convallis. Morbi odio odio, elementum eu, interdum eu, tincidunt in, leo. Maecenas pulvinar lobortis est.\n\nPhasellus sit amet erat. Nulla tempus. Vivamus in felis eu sapien cursus vestibulum.\n\nProin eu mi. Nulla ac enim. In tempor, turpis nec euismod scelerisque, quam turpis adipiscing lorem, vitae mattis nibh ligula nec sem."},
{"id":"d0aa76fb-ea25-47c8-8c88-d20f2c9829c8","index":31,"title":"gramophone","rating":4,"image":"gramophone-4.png","isEdible":false,"price":662,"tags":["groceries","valuable"],"description":"Nam ultrices, libero non mattis pulvinar, nulla pede ullamcorper augue, a suscipit nulla elit ac nulla. Sed vel enim sit amet nunc viverra dapibus. Nulla suscipit ligula in lacus."},
{"id":"4fc202f7-91e9-4ee7-ab2d-d20ef66883d6","index":32,"title":"music-player","rating":3,"image":"music-player-3.png","isEdible":false,"price":20,"tags":["valuable","groceries"],"description":"Vestibulum quam sapien, varius ut, blandit non, interdum in, ante. Vestibulum ante ipsum primis in faucibus orci luctus et ultrices posuere cubilia Curae; Duis faucibus accumsan odio. Curabitur convallis.\n\nDuis consequat dui nec nisi volutpat eleifend. Donec ut dolor. Morbi vel lectus in quam fringilla rhoncus."},
{"id":"3d4b580b-c9fb-4d54-8a9e-31bbee5b5669","index":33,"title":"gramophone","rating":2,"image":"gramophone-2.png","isEdible":false,"price":145,"tags":["favorite","compact"],"description":"Phasellus in felis. Donec semper sapien a libero. Nam dui.\n\nProin leo odio, porttitor id, consequat in, consequat ut, nulla. Sed accumsan felis. Ut at dolor quis odio consequat varius.\n\nInteger ac leo. Pellentesque ultrices mattis odio. Donec vitae nisi."},
{"id":"7d0ebce2-d839-4d56-b29b-58b5923380f0","index":34,"title":"music-player","rating":4,"image":"music-player-4.png","isEdible":false,"price":1447,"tags":["favorite","groceries"],"description":"Cras mi pede, malesuada in, imperdiet et, commodo vulputate, justo. In blandit ultrices enim. Lorem ipsum dolor sit amet, consectetuer adipiscing elit."},
{"id":"28d2f6f7-7620-4bc3-906d-7d252f264251","index":35,"title":"brass","rating":5,"image":"brass-5.png","isEdible":false,"price":1586,"tags":["compact","gift"],"description":"In hac habitasse platea dictumst. Etiam faucibus cursus urna. Ut tellus.\n\nNulla ut erat id mauris vulputate elementum. Nullam varius. Nulla facilisi."},
{"id":"dcd9cb5d-325f-4445-91c7-c84fe4a5f855","index":36,"title":"guitar","rating":4,"image":"guitar-4.png","isEdible":false,"price":160,"tags":["memory","favorite"],"description":"Duis bibendum. Morbi non quam nec dui luctus rutrum. Nulla tellus.\n\nIn sagittis dui vel nisl. Duis ac nibh. Fusce lacus purus, aliquet at, feugiat non, pretium quis, lectus."},
{"id":"1e7bfe9f-1dfe-4857-88ae-77512a96ea36","index":37,"title":"instrument","rating":2,"image":"instrument-2.png","isEdible":false,"price":1100,"tags":["compact","valuable"],"description":"Donec diam neque, vestibulum eget, vulputate ut, ultrices vel, augue. Vestibulum ante ipsum primis in faucibus orci luctus et ultrices posuere cubilia Curae; Donec pharetra, magna vestibulum aliquet ultrices, erat tortor sollicitudin mi, sit amet lobortis sapien sapien non mi. Integer ac neque."},
{"id":"9a126928-67c9-49ec-9ee7-ccc12904768c","index":38,"title":"shoes","rating":3,"image":"shoes-3.png","isEdible":false,"price":1133,"tags":["memory","compact"],"description":"Proin interdum mauris non ligula pellentesque ultrices. Phasellus id sapien in sapien iaculis congue. Vivamus metus arcu, adipiscing molestie, hendrerit at, vulputate vitae, nisl."},
{"id":"2927ed70-c457-4bdb-b0be-d818460fd299","index":39,"title":"shoes","rating":1,"image":"shoes-1.png","isEdible":false,"price":109,"tags":["memory","groceries"],"description":"Duis consequat dui nec nisi volutpat eleifend. Donec ut dolor. Morbi vel lectus in quam fringilla rhoncus."},
{"id":"a5915e58-b2bd-42be-a752-40d9b73a77d4","index":40,"title":"pet","rating":3,"image":"pet-3.png","isEdible":false,"price":890,"tags":["memory","valuable"],"description":"Duis consequat dui nec nisi volutpat eleifend. Donec ut dolor. Morbi vel lectus in quam fringilla rhoncus."},
{"id":"480824a8-f36f-4895-aad7-a99612d4ef15","index":41,"title":"soft-drink","rating":2,"image":"soft-drink-2.png","isEdible":true,"price":486,"tags":["gift","favorite"],"description":"Maecenas tristique, est et tempus semper, est quam pharetra magna, ac consequat metus sapien ut nunc. Vestibulum ante ipsum primis in faucibus orci luctus et ultrices posuere cubilia Curae; Mauris viverra diam vitae quam. Suspendisse potenti.\n\nNullam porttitor lacus at turpis. Donec posuere metus vitae ipsum. Aliquam non mauris.\n\nMorbi non lectus. Aliquam sit amet diam in magna bibendum imperdiet. Nullam orci pede, venenatis non, sodales sed, tincidunt eu, felis."},
{"id":"97442795-9f32-4138-a07a-a25ff36a273b","index":42,"title":"guitar","rating":4,"image":"guitar-4.png","isEdible":false,"price":669,"tags":["groceries","gift"],"description":"Maecenas ut massa quis augue luctus tincidunt. Nulla mollis molestie lorem. Quisque ut erat.\n\nCurabitur gravida nisi at nibh. In hac habitasse platea dictumst. Aliquam augue quam, sollicitudin vitae, consectetuer eget, rutrum at, lorem.\n\nInteger tincidunt ante vel ipsum. Praesent blandit lacinia erat. Vestibulum sed magna at nunc commodo placerat."},
{"id":"21fe79fa-f189-41dd-aaa3-f4be73a47e40","index":43,"title":"music-player","rating":5,"image":"music-player-5.png","isEdible":false,"price":749,"tags":["groceries","valuable"],"description":"Morbi porttitor lorem id ligula. Suspendisse ornare consequat lectus. In est risus, auctor sed, tristique in, tempus sit amet, sem.\n\nFusce consequat. Nulla nisl. Nunc nisl."},
{"id":"35226264-a1d5-4f90-909f-13f706127edf","index":44,"title":"pot","rating":4,"image":"pot-4.png","isEdible":false,"price":695,"tags":["memory","groceries"],"description":"Integer tincidunt ante vel ipsum. Praesent blandit lacinia erat. Vestibulum sed magna at nunc commodo placerat.\n\nPraesent blandit. Nam nulla. Integer pede justo, lacinia eget, tincidunt eget, tempus vel, pede."},
{"id":"05789dd8-14de-481b-9e81-b04cea05a349","index":45,"title":"snack","rating":4,"image":"snack-4.png","isEdible":true,"price":1369,"tags":["valuable","groceries"],"description":"Integer tincidunt ante vel ipsum. Praesent blandit lacinia erat. Vestibulum sed magna at nunc commodo placerat.\n\nPraesent blandit. Nam nulla. Integer pede justo, lacinia eget, tincidunt eget, tempus vel, pede.\n\nMorbi porttitor lorem id ligula. Suspendisse ornare consequat lectus. In est risus, auctor sed, tristique in, tempus sit amet, sem."},
{"id":"c0945b84-b987-4ae8-902c-89a906a1988b","index":46,"title":"guitar","rating":2,"image":"guitar-2.png","isEdible":false,"price":413,"tags":["favorite","valuable"],"description":"Praesent blandit. Nam nulla. Integer pede justo, lacinia eget, tincidunt eget, tempus vel, pede.\n\nMorbi porttitor lorem id ligula. Suspendisse ornare consequat lectus. In est risus, auctor sed, tristique in, tempus sit amet, sem."},
{"id":"cd72623f-e9cd-4efe-a604-4d017eae82a7","index":47,"title":"shoes","rating":2,"image":"shoes-2.png","isEdible":false,"price":882,"tags":["compact","valuable"],"description":"Fusce posuere felis sed lacus. Morbi sem mauris, laoreet ut, rhoncus aliquet, pulvinar sed, nisl. Nunc rhoncus dui vel sem.\n\nSed sagittis. Nam congue, risus semper porta volutpat, quam pede lobortis ligula, sit amet eleifend pede libero quis orci. Nullam molestie nibh in lectus.\n\nPellentesque at nulla. Suspendisse potenti. Cras in purus eu magna vulputate luctus."},
{"id":"932dd8fe-b18f-45e5-88d0-88f1a7f044a4","index":48,"title":"vinyl-player","rating":5,"image":"vinyl-player-5.png","isEdible":false,"price":1061,"tags":["favorite","memory"],"description":"In quis justo. Maecenas rhoncus aliquam lacus. Morbi quis tortor id nulla ultrices aliquet."},
{"id":"8c779116-642d-4f4d-8a1c-0f76138bc2ef","index":49,"title":"shoes","rating":4,"image":"shoes-4.png","isEdible":false,"price":281,"tags":["compact","favorite"],"description":"Cras mi pede, malesuada in, imperdiet et, commodo vulputate, justo. In blandit ultrices enim. Lorem ipsum dolor sit amet, consectetuer adipiscing elit.\n\nProin interdum mauris non ligula pellentesque ultrices. Phasellus id sapien in sapien iaculis congue. Vivamus metus arcu, adipiscing molestie, hendrerit at, vulputate vitae, nisl."},
{"id":"3aa76de1-16fc-4e3b-8349-9c9a1fbadcf9","index":50,"title":"guitar","rating":5,"image":"guitar-5.png","isEdible":false,"price":923,"tags":["gift","memory"],"description":"Proin interdum mauris non ligula pellentesque ultrices. Phasellus id sapien in sapien iaculis congue. Vivamus metus arcu, adipiscing molestie, hendrerit at, vulputate vitae, nisl.\n\nAenean lectus. Pellentesque eget nunc. Donec quis orci eget orci vehicula condimentum."},
{"id":"cc9aab99-0d5a-476b-b31d-7c6da75756bb","index":51,"title":"snack","rating":4,"image":"snack-4.png","isEdible":true,"price":931,"tags":["valuable","gift"],"description":"Mauris enim leo, rhoncus sed, vestibulum sit amet, cursus id, turpis. Integer aliquet, massa id lobortis convallis, tortor risus dapibus augue, vel accumsan tellus nisi eu orci. Mauris lacinia sapien quis libero."},
{"id":"eab898c1-939b-4261-97af-e234d9479e85","index":52,"title":"vinyl-player","rating":4,"image":"vinyl-player-4.png","isEdible":false,"price":1065,"tags":["favorite","compact"],"description":"Mauris enim leo, rhoncus sed, vestibulum sit amet, cursus id, turpis. Integer aliquet, massa id lobortis convallis, tortor risus dapibus augue, vel accumsan tellus nisi eu orci. Mauris lacinia sapien quis libero."},
{"id":"43b9b624-8820-455d-b45b-6f4ad4ce0127","index":53,"title":"pet","rating":3,"image":"pet-3.png","isEdible":false,"price":162,"tags":["favorite","valuable"],"description":"Fusce consequat. Nulla nisl. Nunc nisl.\n\nDuis bibendum, felis sed interdum venenatis, turpis enim blandit mi, in porttitor pede justo eu massa. Donec dapibus. Duis at velit eu est congue elementum.\n\nIn hac habitasse platea dictumst. Morbi vestibulum, velit id pretium iaculis, diam erat fermentum justo, nec condimentum neque sapien placerat ante. Nulla justo."},
{"id":"80e71ab1-8ab6-41fc-b421-98e967ea93e4","index":54,"title":"pet","rating":3,"image":"pet-3.png","isEdible":false,"price":1244,"tags":["memory","favorite"],"description":"In hac habitasse platea dictumst. Etiam faucibus cursus urna. Ut tellus.\n\nNulla ut erat id mauris vulputate elementum. Nullam varius. Nulla facilisi.\n\nCras non velit nec nisi vulputate nonummy. Maecenas tincidunt lacus at velit. Vivamus vel nulla eget eros elementum pellentesque."},
{"id":"e94290c8-9ef2-4759-863c-9567a7b79636","index":55,"title":"snack","rating":4,"image":"snack-4.png","isEdible":true,"price":232,"tags":["memory","valuable"],"description":"Aliquam quis turpis eget elit sodales scelerisque. Mauris sit amet eros. Suspendisse accumsan tortor quis turpis."},
{"id":"b2f30185-2911-45d1-b0b2-6b4c3d124bfb","index":56,"title":"pet","rating":3,"image":"pet-3.png","isEdible":false,"price":1329,"tags":["groceries","valuable"],"description":"Curabitur in libero ut massa volutpat convallis. Morbi odio odio, elementum eu, interdum eu, tincidunt in, leo. Maecenas pulvinar lobortis est.\n\nPhasellus sit amet erat. Nulla tempus. Vivamus in felis eu sapien cursus vestibulum."},
{"id":"874d1826-1e97-48c1-9386-278cbb8828e9","index":57,"title":"gramophone","rating":5,"image":"gramophone-5.png","isEdible":false,"price":165,"tags":["groceries","memory"],"description":"Curabitur at ipsum ac tellus semper interdum. Mauris ullamcorper purus sit amet nulla. Quisque arcu libero, rutrum ac, lobortis vel, dapibus at, diam."},
{"id":"8cf6ce21-c7b1-42f3-bd3b-eed214ba0150","index":58,"title":"pot","rating":5,"image":"pot-5.png","isEdible":false,"price":887,"tags":["groceries","gift"],"description":"Aliquam quis turpis eget elit sodales scelerisque. Mauris sit amet eros. Suspendisse accumsan tortor quis turpis.\n\nSed ante. Vivamus tortor. Duis mattis egestas metus."},
{"id":"36c39476-ea78-4705-918d-143b5e92d00c","index":59,"title":"gramophone","rating":2,"image":"gramophone-2.png","isEdible":false,"price":1152,"tags":["compact","valuable"],"description":"Proin interdum mauris non ligula pellentesque ultrices. Phasellus id sapien in sapien iaculis congue. Vivamus metus arcu, adipiscing molestie, hendrerit at, vulputate vitae, nisl."},
{"id":"66d29f7a-4255-425b-8e2d-9b7aada88913","index":60,"title":"music-player","rating":1,"image":"music-player-1.png","isEdible":false,"price":1027,"tags":["favorite","gift"],"description":"Curabitur gravida nisi at nibh. In hac habitasse platea dictumst. Aliquam augue quam, sollicitudin vitae, consectetuer eget, rutrum at, lorem."},
{"id":"72a82259-35e5-43ab-b3f0-7a021d97f08b","index":61,"title":"soft-drink","rating":3,"image":"soft-drink-3.png","isEdible":true,"price":1196,"tags":["gift","valuable"],"description":"Nam ultrices, libero non mattis pulvinar, nulla pede ullamcorper augue, a suscipit nulla elit ac nulla. Sed vel enim sit amet nunc viverra dapibus. Nulla suscipit ligula in lacus."},
{"id":"99ad34d3-bd6a-4b98-a35e-5643ef87bdca","index":62,"title":"pet","rating":2,"image":"pet-2.png","isEdible":false,"price":545,"tags":["compact","favorite"],"description":"Mauris enim leo, rhoncus sed, vestibulum sit amet, cursus id, turpis. Integer aliquet, massa id lobortis convallis, tortor risus dapibus augue, vel accumsan tellus nisi eu orci. Mauris lacinia sapien quis libero.\n\nNullam sit amet turpis elementum ligula vehicula consequat. Morbi a ipsum. Integer a nibh.\n\nIn quis justo. Maecenas rhoncus aliquam lacus. Morbi quis tortor id nulla ultrices aliquet."},
{"id":"7734324d-f1a7-4332-b9f4-1f257b63b9cb","index":63,"title":"music-player","rating":3,"image":"music-player-3.png","isEdible":false,"price":96,"tags":["memory","valuable"],"description":"Mauris enim leo, rhoncus sed, vestibulum sit amet, cursus id, turpis. Integer aliquet, massa id lobortis convallis, tortor risus dapibus augue, vel accumsan tellus nisi eu orci. Mauris lacinia sapien quis libero.\n\nNullam sit amet turpis elementum ligula vehicula consequat. Morbi a ipsum. Integer a nibh.\n\nIn quis justo. Maecenas rhoncus aliquam lacus. Morbi quis tortor id nulla ultrices aliquet."},
{"id":"a7c46e41-deec-4bbc-8e42-abe61af6b2db","index":64,"title":"phone","rating":2,"image":"phone-2.png","isEdible":false,"price":122,"tags":["compact","groceries"],"description":"Duis aliquam convallis nunc. Proin at turpis a pede posuere nonummy. Integer non velit.\n\nDonec diam neque, vestibulum eget, vulputate ut, ultrices vel, augue. Vestibulum ante ipsum primis in faucibus orci luctus et ultrices posuere cubilia Curae; Donec pharetra, magna vestibulum aliquet ultrices, erat tortor sollicitudin mi, sit amet lobortis sapien sapien non mi. Integer ac neque."},
{"id":"4d1ddd76-705a-4597-a704-1ce634c356bc","index":65,"title":"soft-drink","rating":1,"image":"soft-drink-1.png","isEdible":true,"price":192,"tags":["favorite","compact"],"description":"Integer ac leo. Pellentesque ultrices mattis odio. Donec vitae nisi.\n\nNam ultrices, libero non mattis pulvinar, nulla pede ullamcorper augue, a suscipit nulla elit ac nulla. Sed vel enim sit amet nunc viverra dapibus. Nulla suscipit ligula in lacus."},
{"id":"19a042d7-cf61-4db2-b9d8-2a997312b6c5","index":66,"title":"soft-drink","rating":3,"image":"soft-drink-3.png","isEdible":true,"price":1132,"tags":["memory","compact"],"description":"Pellentesque at nulla. Suspendisse potenti. Cras in purus eu magna vulputate luctus.\n\nCum sociis natoque penatibus et magnis dis parturient montes, nascetur ridiculus mus. Vivamus vestibulum sagittis sapien. Cum sociis natoque penatibus et magnis dis parturient montes, nascetur ridiculus mus."},
{"id":"b9c52c9a-bc2b-4a07-b433-f08df56f983e","index":67,"title":"pet","rating":4,"image":"pet-4.png","isEdible":false,"price":802,"tags":["favorite","compact"],"description":"In hac habitasse platea dictumst. Etiam faucibus cursus urna. Ut tellus.\n\nNulla ut erat id mauris vulputate elementum. Nullam varius. Nulla facilisi."},
{"id":"e69c5013-761c-4671-9b20-d547b3fa0dc4","index":68,"title":"guitar","rating":5,"image":"guitar-5.png","isEdible":false,"price":662,"tags":["compact","gift"],"description":"Suspendisse potenti. In eleifend quam a odio. In hac habitasse platea dictumst."},
{"id":"59a09605-c098-417a-ac70-436b5a6ccadf","index":69,"title":"shoes","rating":3,"image":"shoes-3.png","isEdible":false,"price":349,"tags":["favorite","gift"],"description":"Maecenas leo odio, condimentum id, luctus nec, molestie sed, justo. Pellentesque viverra pede ac diam. Cras pellentesque volutpat dui.\n\nMaecenas tristique, est et tempus semper, est quam pharetra magna, ac consequat metus sapien ut nunc. Vestibulum ante ipsum primis in faucibus orci luctus et ultrices posuere cubilia Curae; Mauris viverra diam vitae quam. Suspendisse potenti."},
{"id":"c0f858df-025c-4cf2-83f7-313b4ac0eff6","index":70,"title":"brass","rating":1,"image":"brass-1.png","isEdible":false,"price":792,"tags":["compact","gift"],"description":"Duis aliquam convallis nunc. Proin at turpis a pede posuere nonummy. Integer non velit."},
{"id":"d7388c78-ebb6-442f-b165-ba2d71ada5e6","index":71,"title":"music-player","rating":3,"image":"music-player-3.png","isEdible":false,"price":1004,"tags":["groceries","memory"],"description":"Etiam vel augue. Vestibulum rutrum rutrum neque. Aenean auctor gravida sem.\n\nPraesent id massa id nisl venenatis lacinia. Aenean sit amet justo. Morbi ut odio."},
{"id":"0cf70ba8-8b00-421b-811b-c867257bdca5","index":72,"title":"guitar","rating":1,"image":"guitar-1.png","isEdible":false,"price":790,"tags":["gift","groceries"],"description":"Pellentesque at nulla. Suspendisse potenti. Cras in purus eu magna vulputate luctus."},
{"id":"002661a6-84b8-47d5-8fc5-001e43e041b4","index":73,"title":"brass","rating":2,"image":"brass-2.png","isEdible":false,"price":837,"tags":["groceries","gift"],"description":"Cum sociis natoque penatibus et magnis dis parturient montes, nascetur ridiculus mus. Vivamus vestibulum sagittis sapien. Cum sociis natoque penatibus et magnis dis parturient montes, nascetur ridiculus mus.\n\nEtiam vel augue. Vestibulum rutrum rutrum neque. Aenean auctor gravida sem."},
{"id":"5071e005-8359-4e44-a0b7-cb2ead97caaa","index":74,"title":"vinyl-player","rating":4,"image":"vinyl-player-4.png","isEdible":false,"price":115,"tags":["groceries","memory"],"description":"Aenean lectus. Pellentesque eget nunc. Donec quis orci eget orci vehicula condimentum."},
{"id":"150359f5-a8fc-4de1-be73-4b9cf6d48f2b","index":75,"title":"snack","rating":1,"image":"snack-1.png","isEdible":true,"price":1132,"tags":["favorite","memory"],"description":"Fusce posuere felis sed lacus. Morbi sem mauris, laoreet ut, rhoncus aliquet, pulvinar sed, nisl. Nunc rhoncus dui vel sem.\n\nSed sagittis. Nam congue, risus semper porta volutpat, quam pede lobortis ligula, sit amet eleifend pede libero quis orci. Nullam molestie nibh in lectus.\n\nPellentesque at nulla. Suspendisse potenti. Cras in purus eu magna vulputate luctus."},
{"id":"0af4fd6e-717f-40d2-beb7-2e23292702b2","index":76,"title":"gramophone","rating":3,"image":"gramophone-3.png","isEdible":false,"price":828,"tags":["groceries","gift"],"description":"Integer ac leo. Pellentesque ultrices mattis odio. Donec vitae nisi.\n\nNam ultrices, libero non mattis pulvinar, nulla pede ullamcorper augue, a suscipit nulla elit ac nulla. Sed vel enim sit amet nunc viverra dapibus. Nulla suscipit ligula in lacus."},
{"id":"204e2f3d-c024-434d-815b-81cc64428b5b","index":77,"title":"brass","rating":3,"image":"brass-3.png","isEdible":false,"price":1112,"tags":["gift","compact"],"description":"Vestibulum quam sapien, varius ut, blandit non, interdum in, ante. Vestibulum ante ipsum primis in faucibus orci luctus et ultrices posuere cubilia Curae; Duis faucibus accumsan odio. Curabitur convallis.\n\nDuis consequat dui nec nisi volutpat eleifend. Donec ut dolor. Morbi vel lectus in quam fringilla rhoncus.\n\nMauris enim leo, rhoncus sed, vestibulum sit amet, cursus id, turpis. Integer aliquet, massa id lobortis convallis, tortor risus dapibus augue, vel accumsan tellus nisi eu orci. Mauris lacinia sapien quis libero."},
{"id":"168f2fe2-79b0-4c3d-8363-276b88e814ba","index":78,"title":"gramophone","rating":4,"image":"gramophone-4.png","isEdible":false,"price":148,"tags":["gift","compact"],"description":"Duis bibendum. Morbi non quam nec dui luctus rutrum. Nulla tellus.\n\nIn sagittis dui vel nisl. Duis ac nibh. Fusce lacus purus, aliquet at, feugiat non, pretium quis, lectus."},
{"id":"f88adea4-71bd-425f-aec1-91cd3a6d76a9","index":79,"title":"shoes","rating":4,"image":"shoes-4.png","isEdible":false,"price":224,"tags":["compact","favorite"],"description":"Aliquam quis turpis eget elit sodales scelerisque. Mauris sit amet eros. Suspendisse accumsan tortor quis turpis.\n\nSed ante. Vivamus tortor. Duis mattis egestas metus.\n\nAenean fermentum. Donec ut mauris eget massa tempor convallis. Nulla neque libero, convallis eget, eleifend luctus, ultricies eu, nibh."},
{"id":"75687da5-a87c-49ba-a307-f025fe0fe3d6","index":80,"title":"phone","rating":1,"image":"phone-1.png","isEdible":false,"price":918,"tags":["gift","memory"],"description":"Fusce consequat. Nulla nisl. Nunc nisl."},
{"id":"02ed8647-55fe-40a9-95ea-33b531eb911b","index":81,"title":"guitar","rating":5,"image":"guitar-5.png","isEdible":false,"price":1579,"tags":["valuable","gift"],"description":"Aenean lectus. Pellentesque eget nunc. Donec quis orci eget orci vehicula condimentum.\n\nCurabitur in libero ut massa volutpat convallis. Morbi odio odio, elementum eu, interdum eu, tincidunt in, leo. Maecenas pulvinar lobortis est."},
{"id":"2cf82b1c-da35-4022-ada2-6b653b66ef61","index":82,"title":"vinyl-player","rating":3,"image":"vinyl-player-3.png","isEdible":false,"price":1048,"tags":["favorite","groceries"],"description":"Cras mi pede, malesuada in, imperdiet et, commodo vulputate, justo. In blandit ultrices enim. Lorem ipsum dolor sit amet, consectetuer adipiscing elit.\n\nProin interdum mauris non ligula pellentesque ultrices. Phasellus id sapien in sapien iaculis congue. Vivamus metus arcu, adipiscing molestie, hendrerit at, vulputate vitae, nisl.\n\nAenean lectus. Pellentesque eget nunc. Donec quis orci eget orci vehicula condimentum."},
{"id":"ecb14953-75a5-4ff9-af6e-58b184b9762e","index":83,"title":"phone","rating":2,"image":"phone-2.png","isEdible":false,"price":209,"tags":["memory","favorite"],"description":"Suspendisse potenti. In eleifend quam a odio. In hac habitasse platea dictumst."},
{"id":"b2f2db44-46a3-4837-82df-3ca2b6101a1d","index":84,"title":"guitar","rating":3,"image":"guitar-3.png","isEdible":false,"price":787,"tags":["memory","valuable"],"description":"Quisque porta volutpat erat. Quisque erat eros, viverra eget, congue eget, semper rutrum, nulla. Nunc purus.\n\nPhasellus in felis. Donec semper sapien a libero. Nam dui."},
{"id":"735f756d-1b25-4dbd-be95-bac6ef152c09","index":85,"title":"pot","rating":3,"image":"pot-3.png","isEdible":false,"price":755,"tags":["compact","groceries"],"description":"In quis justo. Maecenas rhoncus aliquam lacus. Morbi quis tortor id nulla ultrices aliquet.\n\nMaecenas leo odio, condimentum id, luctus nec, molestie sed, justo. Pellentesque viverra pede ac diam. Cras pellentesque volutpat dui."},
{"id":"87a5976d-c424-4694-b21f-68c58aadca21","index":86,"title":"brass","rating":2,"image":"brass-2.png","isEdible":false,"price":65,"tags":["groceries","valuable"],"description":"In congue. Etiam justo. Etiam pretium iaculis justo.\n\nIn hac habitasse platea dictumst. Etiam faucibus cursus urna. Ut tellus."},
{"id":"ff173bba-e6a6-4611-b981-7c6f2e86cd4d","index":87,"title":"brass","rating":5,"image":"brass-5.png","isEdible":false,"price":148,"tags":["memory","valuable"],"description":"Duis consequat dui nec nisi volutpat eleifend. Donec ut dolor. Morbi vel lectus in quam fringilla rhoncus.\n\nMauris enim leo, rhoncus sed, vestibulum sit amet, cursus id, turpis. Integer aliquet, massa id lobortis convallis, tortor risus dapibus augue, vel accumsan tellus nisi eu orci. Mauris lacinia sapien quis libero.\n\nNullam sit amet turpis elementum ligula vehicula consequat. Morbi a ipsum. Integer a nibh."},
{"id":"040e7846-a8ce-47aa-bc01-fbd0a0d94bdb","index":88,"title":"instrument","rating":5,"image":"instrument-5.png","isEdible":false,"price":433,"tags":["compact","gift"],"description":"Aenean lectus. Pellentesque eget nunc. Donec quis orci eget orci vehicula condimentum."},
{"id":"c66c21e9-ed16-4e43-b2b7-2fea5822d11e","index":89,"title":"shoes","rating":5,"image":"shoes-5.png","isEdible":false,"price":1547,"tags":["valuable","favorite"],"description":"Curabitur gravida nisi at nibh. In hac habitasse platea dictumst. Aliquam augue quam, sollicitudin vitae, consectetuer eget, rutrum at, lorem.\n\nInteger tincidunt ante vel ipsum. Praesent blandit lacinia erat. Vestibulum sed magna at nunc commodo placerat.\n\nPraesent blandit. Nam nulla. Integer pede justo, lacinia eget, tincidunt eget, tempus vel, pede."},
{"id":"34724acc-162d-46eb-bc9d-c6d77c8c8d0a","index":90,"title":"brass","rating":2,"image":"brass-2.png","isEdible":false,"price":838,"tags":["compact","gift"],"description":"Cras mi pede, malesuada in, imperdiet et, commodo vulputate, justo. In blandit ultrices enim. Lorem ipsum dolor sit amet, consectetuer adipiscing elit.\n\nProin interdum mauris non ligula pellentesque ultrices. Phasellus id sapien in sapien iaculis congue. Vivamus metus arcu, adipiscing molestie, hendrerit at, vulputate vitae, nisl."},
{"id":"d9304168-e3c3-4293-b2f9-78227be34668","index":91,"title":"music-player","rating":3,"image":"music-player-3.png","isEdible":false,"price":950,"tags":["favorite","memory"],"description":"Vestibulum quam sapien, varius ut, blandit non, interdum in, ante. Vestibulum ante ipsum primis in faucibus orci luctus et ultrices posuere cubilia Curae; Duis faucibus accumsan odio. Curabitur convallis.\n\nDuis consequat dui nec nisi volutpat eleifend. Donec ut dolor. Morbi vel lectus in quam fringilla rhoncus.\n\nMauris enim leo, rhoncus sed, vestibulum sit amet, cursus id, turpis. Integer aliquet, massa id lobortis convallis, tortor risus dapibus augue, vel accumsan tellus nisi eu orci. Mauris lacinia sapien quis libero."},
{"id":"02f7c16e-0648-4f7d-95be-86520240edf8","index":92,"title":"soft-drink","rating":2,"image":"soft-drink-2.png","isEdible":true,"price":1032,"tags":["compact","groceries"],"description":"In sagittis dui vel nisl. Duis ac nibh. Fusce lacus purus, aliquet at, feugiat non, pretium quis, lectus.\n\nSuspendisse potenti. In eleifend quam a odio. In hac habitasse platea dictumst."},
{"id":"33493aed-2c91-4bb0-ab63-2596caf1bd13","index":93,"title":"soft-drink","rating":2,"image":"soft-drink-2.png","isEdible":true,"price":1413,"tags":["valuable","favorite"],"description":"Aliquam quis turpis eget elit sodales scelerisque. Mauris sit amet eros. Suspendisse accumsan tortor quis turpis.\n\nSed ante. Vivamus tortor. Duis mattis egestas metus.\n\nAenean fermentum. Donec ut mauris eget massa tempor convallis. Nulla neque libero, convallis eget, eleifend luctus, ultricies eu, nibh."},
{"id":"0978c865-1be3-4269-ac3f-b53202a928cd","index":94,"title":"instrument","rating":2,"image":"instrument-2.png","isEdible":false,"price":1098,"tags":["groceries","compact"],"description":"Praesent id massa id nisl venenatis lacinia. Aenean sit amet justo. Morbi ut odio."},
{"id":"b19fe9a7-5b9d-45a3-91a8-7687c340fc34","index":95,"title":"brass","rating":4,"image":"brass-4.png","isEdible":false,"price":216,"tags":["valuable","memory"],"description":"Curabitur gravida nisi at nibh. In hac habitasse platea dictumst. Aliquam augue quam, sollicitudin vitae, consectetuer eget, rutrum at, lorem.\n\nInteger tincidunt ante vel ipsum. Praesent blandit lacinia erat. Vestibulum sed magna at nunc commodo placerat.\n\nPraesent blandit. Nam nulla. Integer pede justo, lacinia eget, tincidunt eget, tempus vel, pede."},
{"id":"8d0dc55f-176e-4175-94d9-9c4e5c25a0c0","index":96,"title":"gramophone","rating":1,"image":"gramophone-1.png","isEdible":false,"price":870,"tags":["memory","gift"],"description":"Duis aliquam convallis nunc. Proin at turpis a pede posuere nonummy. Integer non velit.\n\nDonec diam neque, vestibulum eget, vulputate ut, ultrices vel, augue. Vestibulum ante ipsum primis in faucibus orci luctus et ultrices posuere cubilia Curae; Donec pharetra, magna vestibulum aliquet ultrices, erat tortor sollicitudin mi, sit amet lobortis sapien sapien non mi. Integer ac neque."},
{"id":"73efd9d6-a2df-4524-85c7-4307da6460cc","index":97,"title":"shoes","rating":2,"image":"shoes-2.png","isEdible":false,"price":563,"tags":["memory","compact"],"description":"Curabitur gravida nisi at nibh. In hac habitasse platea dictumst. Aliquam augue quam, sollicitudin vitae, consectetuer eget, rutrum at, lorem.\n\nInteger tincidunt ante vel ipsum. Praesent blandit lacinia erat. Vestibulum sed magna at nunc commodo placerat.\n\nPraesent blandit. Nam nulla. Integer pede justo, lacinia eget, tincidunt eget, tempus vel, pede."},
{"id":"9c58382c-b016-49b1-ad2d-5a516493c9ff","index":98,"title":"gramophone","rating":5,"image":"gramophone-5.png","isEdible":false,"price":300,"tags":["compact","valuable"],"description":"Morbi non lectus. Aliquam sit amet diam in magna bibendum imperdiet. Nullam orci pede, venenatis non, sodales sed, tincidunt eu, felis."},
{"id":"d41d09be-baed-42c7-9bd3-d2e62ce8407b","index":99,"title":"vinyl-player","rating":4,"image":"vinyl-player-4.png","isEdible":false,"price":1326,"tags":["gift","valuable"],"description":"In quis justo. Maecenas rhoncus aliquam lacus. Morbi quis tortor id nulla ultrices aliquet.\n\nMaecenas leo odio, condimentum id, luctus nec, molestie sed, justo. Pellentesque viverra pede ac diam. Cras pellentesque volutpat dui.\n\nMaecenas tristique, est et tempus semper, est quam pharetra magna, ac consequat metus sapien ut nunc. Vestibulum ante ipsum primis in faucibus orci luctus et ultrices posuere cubilia Curae; Mauris viverra diam vitae quam. Suspendisse potenti."},
{"id":"76092b5e-7a4e-476d-aadc-636f95168a4e","index":100,"title":"shoes","rating":4,"image":"shoes-4.png","isEdible":false,"price":905,"tags":["gift","compact"],"description":"Cras mi pede, malesuada in, imperdiet et, commodo vulputate, justo. In blandit ultrices enim. Lorem ipsum dolor sit amet, consectetuer adipiscing elit.\n\nProin interdum mauris non ligula pellentesque ultrices. Phasellus id sapien in sapien iaculis congue. Vivamus metus arcu, adipiscing molestie, hendrerit at, vulputate vitae, nisl."},
{"id":"98e5be3c-1d04-4f87-83eb-d0af421e7469","index":101,"title":"pet","rating":2,"image":"pet-2.png","isEdible":false,"price":956,"tags":["compact","groceries"],"description":"Morbi non lectus. Aliquam sit amet diam in magna bibendum imperdiet. Nullam orci pede, venenatis non, sodales sed, tincidunt eu, felis."},
{"id":"131ec3ad-7ac6-4c2d-a958-25469402de0d","index":102,"title":"phone","rating":2,"image":"phone-2.png","isEdible":false,"price":944,"tags":["valuable","compact"],"description":"Morbi non lectus. Aliquam sit amet diam in magna bibendum imperdiet. Nullam orci pede, venenatis non, sodales sed, tincidunt eu, felis.\n\nFusce posuere felis sed lacus. Morbi sem mauris, laoreet ut, rhoncus aliquet, pulvinar sed, nisl. Nunc rhoncus dui vel sem.\n\nSed sagittis. Nam congue, risus semper porta volutpat, quam pede lobortis ligula, sit amet eleifend pede libero quis orci. Nullam molestie nibh in lectus."},
{"id":"ebecffef-7b41-4f72-bc35-311fab258d6f","index":103,"title":"gramophone","rating":3,"image":"gramophone-3.png","isEdible":false,"price":890,"tags":["compact","memory"],"description":"Phasellus in felis. Donec semper sapien a libero. Nam dui.\n\nProin leo odio, porttitor id, consequat in, consequat ut, nulla. Sed accumsan felis. Ut at dolor quis odio consequat varius."},
{"id":"56113a2f-2f17-40ce-8684-d35a5ac8c88c","index":104,"title":"brass","rating":4,"image":"brass-4.png","isEdible":false,"price":1541,"tags":["memory","groceries"],"description":"Phasellus sit amet erat. Nulla tempus. Vivamus in felis eu sapien cursus vestibulum."},
{"id":"e84809f8-c45c-4c59-9c5b-31d0cbb96943","index":105,"title":"brass","rating":4,"image":"brass-4.png","isEdible":false,"price":1225,"tags":["gift","favorite"],"description":"Aenean lectus. Pellentesque eget nunc. Donec quis orci eget orci vehicula condimentum.\n\nCurabitur in libero ut massa volutpat convallis. Morbi odio odio, elementum eu, interdum eu, tincidunt in, leo. Maecenas pulvinar lobortis est.\n\nPhasellus sit amet erat. Nulla tempus. Vivamus in felis eu sapien cursus vestibulum."},
{"id":"a0d612e0-fd54-4621-a520-e7f060788bd7","index":106,"title":"snack","rating":1,"image":"snack-1.png","isEdible":true,"price":466,"tags":["valuable","favorite"],"description":"Quisque id justo sit amet sapien dignissim vestibulum. Vestibulum ante ipsum primis in faucibus orci luctus et ultrices posuere cubilia Curae; Nulla dapibus dolor vel est. Donec odio justo, sollicitudin ut, suscipit a, feugiat et, eros.\n\nVestibulum ac est lacinia nisi venenatis tristique. Fusce congue, diam id ornare imperdiet, sapien urna pretium nisl, ut volutpat sapien arcu sed augue. Aliquam erat volutpat.\n\nIn congue. Etiam justo. Etiam pretium iaculis justo."},
{"id":"67d651d9-1b49-4623-9e73-2c0273561eed","index":107,"title":"gramophone","rating":1,"image":"gramophone-1.png","isEdible":false,"price":559,"tags":["favorite","gift"],"description":"Integer ac leo. Pellentesque ultrices mattis odio. Donec vitae nisi.\n\nNam ultrices, libero non mattis pulvinar, nulla pede ullamcorper augue, a suscipit nulla elit ac nulla. Sed vel enim sit amet nunc viverra dapibus. Nulla suscipit ligula in lacus.\n\nCurabitur at ipsum ac tellus semper interdum. Mauris ullamcorper purus sit amet nulla. Quisque arcu libero, rutrum ac, lobortis vel, dapibus at, diam."},
{"id":"ef01a02d-952d-46ac-bc9f-d64fc859160b","index":108,"title":"shoes","rating":3,"image":"shoes-3.png","isEdible":false,"price":630,"tags":["favorite","compact"],"description":"Pellentesque at nulla. Suspendisse potenti. Cras in purus eu magna vulputate luctus."},
{"id":"98bff630-a4aa-487c-8d36-8f1d458dd9b7","index":109,"title":"pet","rating":5,"image":"pet-5.png","isEdible":false,"price":44,"tags":["memory","compact"],"description":"Curabitur in libero ut massa volutpat convallis. Morbi odio odio, elementum eu, interdum eu, tincidunt in, leo. Maecenas pulvinar lobortis est.\n\nPhasellus sit amet erat. Nulla tempus. Vivamus in felis eu sapien cursus vestibulum."},
{"id":"e24429a9-7a6f-46c3-ac15-89e85d1fcc5c","index":110,"title":"vinyl-player","rating":2,"image":"vinyl-player-2.png","isEdible":false,"price":1040,"tags":["groceries","compact"],"description":"Cras non velit nec nisi vulputate nonummy. Maecenas tincidunt lacus at velit. Vivamus vel nulla eget eros elementum pellentesque.\n\nQuisque porta volutpat erat. Quisque erat eros, viverra eget, congue eget, semper rutrum, nulla. Nunc purus.\n\nPhasellus in felis. Donec semper sapien a libero. Nam dui."},
{"id":"8dfd992b-0b7b-4c57-bb8d-c1a72dae1faa","index":111,"title":"phone","rating":1,"image":"phone-1.png","isEdible":false,"price":526,"tags":["groceries","compact"],"description":"Phasellus in felis. Donec semper sapien a libero. Nam dui.\n\nProin leo odio, porttitor id, consequat in, consequat ut, nulla. Sed accumsan felis. Ut at dolor quis odio consequat varius."},
{"id":"66b4a007-01a2-4fea-b6fd-2bff704c1d1e","index":112,"title":"guitar","rating":5,"image":"guitar-5.png","isEdible":false,"price":615,"tags":["compact","valuable"],"description":"Aenean fermentum. Donec ut mauris eget massa tempor convallis. Nulla neque libero, convallis eget, eleifend luctus, ultricies eu, nibh.\n\nQuisque id justo sit amet sapien dignissim vestibulum. Vestibulum ante ipsum primis in faucibus orci luctus et ultrices posuere cubilia Curae; Nulla dapibus dolor vel est. Donec odio justo, sollicitudin ut, suscipit a, feugiat et, eros.\n\nVestibulum ac est lacinia nisi venenatis tristique. Fusce congue, diam id ornare imperdiet, sapien urna pretium nisl, ut volutpat sapien arcu sed augue. Aliquam erat volutpat."},
{"id":"429862fd-5aaf-441b-a71c-3cdde1352662","index":113,"title":"brass","rating":4,"image":"brass-4.png","isEdible":false,"price":333,"tags":["compact","memory"],"description":"Duis bibendum, felis sed interdum venenatis, turpis enim blandit mi, in porttitor pede justo eu massa. Donec dapibus. Duis at velit eu est congue elementum."},
{"id":"08948960-c33f-4117-89e8-02ca87912d0c","index":114,"title":"phone","rating":5,"image":"phone-5.png","isEdible":false,"price":542,"tags":["valuable","gift"],"description":"Aenean lectus. Pellentesque eget nunc. Donec quis orci eget orci vehicula condimentum."},
{"id":"7c693828-688d-4b89-acf2-182c815419f1","index":115,"title":"pet","rating":5,"image":"pet-5.png","isEdible":false,"price":1283,"tags":["favorite","compact"],"description":"Cras mi pede, malesuada in, imperdiet et, commodo vulputate, justo. In blandit ultrices enim. Lorem ipsum dolor sit amet, consectetuer adipiscing elit.\n\nProin interdum mauris non ligula pellentesque ultrices. Phasellus id sapien in sapien iaculis congue. Vivamus metus arcu, adipiscing molestie, hendrerit at, vulputate vitae, nisl.\n\nAenean lectus. Pellentesque eget nunc. Donec quis orci eget orci vehicula condimentum."},
{"id":"e6f7b0de-7abf-41af-8635-9fa935b1b04d","index":116,"title":"pet","rating":4,"image":"pet-4.png","isEdible":false,"price":103,"tags":["memory","compact"],"description":"Phasellus in felis. Donec semper sapien a libero. Nam dui."},
{"id":"c85d2b48-dda8-4c88-8b8c-352fe6d7e0a4","index":117,"title":"phone","rating":5,"image":"phone-5.png","isEdible":false,"price":269,"tags":["favorite","valuable"],"description":"Morbi porttitor lorem id ligula. Suspendisse ornare consequat lectus. In est risus, auctor sed, tristique in, tempus sit amet, sem.\n\nFusce consequat. Nulla nisl. Nunc nisl.\n\nDuis bibendum, felis sed interdum venenatis, turpis enim blandit mi, in porttitor pede justo eu massa. Donec dapibus. Duis at velit eu est congue elementum."},
{"id":"4331bff4-ccbf-4840-a2e6-01cac353011a","index":118,"title":"instrument","rating":3,"image":"instrument-3.png","isEdible":false,"price":1276,"tags":["groceries","favorite"],"description":"Nulla ut erat id mauris vulputate elementum. Nullam varius. Nulla facilisi.\n\nCras non velit nec nisi vulputate nonummy. Maecenas tincidunt lacus at velit. Vivamus vel nulla eget eros elementum pellentesque."},
{"id":"a616517f-1e23-410c-be54-43ebc1cfd159","index":119,"title":"gramophone","rating":5,"image":"gramophone-5.png","isEdible":false,"price":886,"tags":["favorite","gift"],"description":"Aenean lectus. Pellentesque eget nunc. Donec quis orci eget orci vehicula condimentum."},
{"id":"92838178-da74-4b6b-82e0-d6bd8020a0a7","index":120,"title":"pet","rating":2,"image":"pet-2.png","isEdible":false,"price":1331,"tags":["favorite","memory"],"description":"In congue. Etiam justo. Etiam pretium iaculis justo."}]